{"cameraMode":{"drawMode":0,"name":"Shaded","section":"Shading Mode"},"sceneLighting":true,"audioPlay":false,"sceneViewState":{"showFog":true,"showMaterialUpdate":false,"showSkybox":true,"showFlares":true,"showImageEffects":true,"showParticleSystems":true},"in2DMode":false,"pivot":{"x":2.5249476432800295,"y":10.016834259033204,"z":2.157350540161133},"rotation":{"x":-0.13152062892913819,"y":0.8560072183609009,"z":-0.4233720898628235,"w":-0.2659190595149994},"size":1.789240837097168,"orthographic":false}